testupvllbztzogflyspscba,testagqplylqpveivhncxsig@myemail.com
testszqviniocpmcrfcbmwnn,testhwtkzcjlbzimglwzyrfh@myemail.com
testaskaoshbqcuhucjxwqjd,testssqinaykpprzqnvrlnbb@myemail.com
testrondgvefyavsjnxjcuxf,testylylzhyesqkgfraxvrqu@myemail.com
testapayjqotfopldgtabfqh,testbintrrevskihonckbtyl@myemail.com
testvuflyegrakwevxhkvijy,testjxdywuesgjsbvvrstaek@myemail.com
testxgehytxucgaseudcddip,testakrzhebbkqglmvegjxsd@myemail.com
testrycvbcjxazugayskedcr,testcurnkxuyxusnkwawzxxu@myemail.com
testiobpehboghtxvtpfzftj,testlslcpeecdysolbofslls@myemail.com
testtsapuagwligdskgpjbho,testsjqvqgrzpzfgejmikehc@myemail.com
testehtkdsgtttyitcowpjal,testnjdcgndqlfsgulpewdjx@myemail.com
testnldmpwhwkzddvalndpxm,testldthlplspjyujnidpqka@myemail.com
testlpjnmcgdqlmtknxkxgdz,testwlkhzbnajguizsadeyis@myemail.com
testnaojoeviijmyktrdyjqb,testcfasueqfpwaksqqbaykw@myemail.com
testdmaswjqxtltieqwpuiig,testsekgqtrvhvcvficihxoh@myemail.com
testpkhaxwycyyamvkdgwmvy,testgslingjtjcglgoezpusq@myemail.com
testrfohpqgjthynxkpxeifu,testbxcvbdkpchpncyjykfmr@myemail.com
testiaouklahufzqivqfmgar,testcmdulbsbykcaculhpvmg@myemail.com
testcppzybbeimfmywykcens,testshigoayuljtgllvekwni@myemail.com
testnsbmatqsuzxctnhakena,testatzjcqtcgrujxepmodnh@myemail.com
testobenhlywzrurxvqglzqv,testswbqlljcidvfchmhknjy@myemail.com
testohmcutwfukookxyvquqv,testgvhobodpmfninwvlrepy@myemail.com
testnxccbjwnlsijsddnsfju,testfekhgrsingoucqcpmvqg@myemail.com
testqafijlllpdbmpauduydb,testmxeaivyezpksgwfauzmr@myemail.com
testdpjuywrjvvpamggxouan,testfkiopzgezyecaqkuqlpz@myemail.com
testbnaytxnwinkemtrmbcvb,testjvwhqwxlhzdtkjxgfqaw@myemail.com
testzloewjkqteijejhnydfp,testhojjzuidelnipnmwvdmj@myemail.com
testktmwjfabzlabsqslsafs,testfzlhrmpvmrklygykahdx@myemail.com
testttkjcscfxyuamfedxhcs,testavlitlxbooihghazraoa@myemail.com
testmypnkbufivwywsbswtxt,testrplzbzkpaotpcufiheqw@myemail.com
testnpaxjhydqtxcosxuyllq,testwhmwkezrxwhdhdxtwgyn@myemail.com
testfegnyazhwnzanbapahpx,testmqrpmkeidpeudlrmjnkr@myemail.com
testruyqmmgmbocytaazlicb,testnaxeovazqpmhwyamxugx@myemail.com
testfboqealzcgzjewwlqlaa,testozotokyvpfqseoagdtpy@myemail.com
testtmpvrxdikcqzbgbdwuxa,testslvjxzipqyviqaajjtab@myemail.com
testennqqcjpmczjbuwwcpxv,testuuxytajeufhxjpndqwif@myemail.com
testeovrnyolqhqepshahwjv,testnnceeiujhsixtyildqjo@myemail.com
testtayovurcujzynxkrldkw,testcdqsrxvxyxluhlwvltdw@myemail.com
testlvvmhynakmqkjaasymeg,testparozwslbcevikirinap@myemail.com
testhnckddtugdhognsawffb,testiefcumcbswtbbrbflvsc@myemail.com
testnxmsjqtsooobncoptfzw,testyugkjvoutliioueciose@myemail.com
testulyypkpewtdzdgibybnd,testgrugomvmxmlzluhrolmw@myemail.com
testtlieqirfuomchxyozveg,testwbuwyfsqcvqxxygdzvpf@myemail.com
testbivyaquegpkcmhrpnakk,testraqopjjabzpvxabwpfcq@myemail.com
testxuzdjawcentwhlgrkmgs,testgyuylmfjkcisktpvrejz@myemail.com
testrkzlqurwwxfpfyuaznyg,testnuonxbugxyhsyyodrswn@myemail.com
testboxrtyimeykarguxghpc,testnkttiisopuzkuoqtviri@myemail.com
testlrfrcjyytdajzaegadyv,testcwamcbybqxvlqeggqddp@myemail.com
testphshdauicbleeopesaqd,testexdszakrutjepwttbrtx@myemail.com
testdagzeyxovsvlgslqtcsj,testwxhvpwkckcboqkqhxpcy@myemail.com
testawyykurxarbhcxpzunyr,testfmrbevvdjklwtpqungvy@myemail.com
testpnmbbrrynlavohfofxqd,testymtaxospfyjhtxgegewa@myemail.com
testtrdnndcwuirmfkyyyuiv,testgjerbupxuvhgognqanld@myemail.com
testchuowzuiyiqahftuixto,testvolfbhmhidfdbocrvqwb@myemail.com
testkfcgwaqcwicckojgofke,testiachfigikzsdubqjuwvf@myemail.com
testqjrumvistojphdlgwjki,testfjwgxnjzjplmiugehjzy@myemail.com
testvwkonfsrrwtvamgpofhw,testdfespdcfehytbfallmhw@myemail.com
testoyrdahqmqsnwogapkxut,testozjvfzktwkuwlwatcfzz@myemail.com
testnjzyaodvccukwjomdqdj,testkagizjozezkcaezeebgw@myemail.com
testivqoxfcvhjgbikfdquyq,testexhlxoezgtddtzhrdpik@myemail.com
testqnbkutkiuystdsvfzmfp,testxwopwgilokhulyelqnkt@myemail.com
testfsetsnxfgytqwtumzguk,testdduygkczuodfcbvxlkrw@myemail.com
testtbgpojenufkvyyfttorr,testtjqycngobgfphxzfmwxz@myemail.com
testeugyypurxmdgpckmeozo,testpgiqqofqxdlltdzklhgk@myemail.com
testggcifezctfnvrtcflkho,testzxiedupqnbdtxfpmjnpp@myemail.com
testuutowotbbcgcgmswubdm,testakbduhwrozjdtemvamzq@myemail.com
testkqdasdwtqiowhpmisrjy,testaniloelnsgrimvzvkppg@myemail.com
testglczwagmywgbdsxonuwm,testuyrxuzdsdbccgnyiwrdt@myemail.com
testbtkgseiombhaqktpcwyp,testevnymqeavlonmgafinwp@myemail.com
testqickiyottvsrmgfrpath,testvhcsmwggyihxeqdpgegx@myemail.com
testdpvkigknpscxcuyugdyp,testicrpkkvssteaiuzkrven@myemail.com
testciurtkiboksljrbdrnfq,testadryhhmhrrqonejohfej@myemail.com
testcjwuftheyyhtmbqgivgq,testveyvhwtxkaxobxfvikqp@myemail.com
testiyzfpxnxpgiyeqckpkqd,testnyatsfhzsqnpofwkjxvy@myemail.com
testudcdgzoaycwfruurzrjl,testsdnzszgbjgmbsfdqaabf@myemail.com
testwgctsesivsqllumnglkx,testbukwqhyfekmhqyrqtmcr@myemail.com
testabhnmdgjqxgjijxvjftg,testqjipjdrqgmeydnatqdnz@myemail.com
testotmfixjvtpznivvvtkdd,testnrdwksjhkveunxzdybcr@myemail.com
testcxusvgosccginkpkpofq,testlvlqivlpkldefnublthk@myemail.com
testfssdnhrlcsnwsnkxdude,testnxvjrpngkfstobukfsci@myemail.com
testknzapqqipuobuqivrntz,testxuikrkxxnamtkwlmgpvx@myemail.com
testixciegslvdtoxjahfyxw,testnddowxlerezfqehuwpym@myemail.com
testupljqpcplxfpbkfaeqon,testumktayobzcugmslmlxec@myemail.com
testrmbvsvlhtzuboxeygoyr,testadiyogxvqsfpwcqmxncp@myemail.com
testkokbygtwbkcwwgoogwnn,testixgdrvhosafhqytjpmgh@myemail.com
testvjefhjshqpkolgmbzyia,testwuctyapldizspfyaterl@myemail.com
testmahfeolaefwxqlksncbz,testmganmartscshvhqqbrax@myemail.com
testjsnbeyexgtlqyzuaypnu,testykjeiupqxymicixcgiuh@myemail.com
testsrsqlifsjnlkjdtkcutd,testeodkkjbxhwjmiocxzbbs@myemail.com
testtwhajviddtzrjoxrlcgf,testcnapzxurqagpthcgkzvj@myemail.com
testtbrhkxjgjvsucapcdvtn,testryhrkxfgdapzijjjhajh@myemail.com
testajigqerhcuuhxjoamlpj,testgpocabqwckowgvqdxxep@myemail.com
testjzlnwvccxitivybzdvvs,testrrjylyzgigibjolqwpwf@myemail.com
testegfjaaqeyuhgljgdipuy,testtgnknjsucgabtgdndllh@myemail.com
testzqfdaqmvxpnzrxdxrxxy,testiytbbyjoaweefzkeuxfa@myemail.com
testipuhsddjanphldcqlrlg,testshezksxviqvjjoubsjpk@myemail.com
testtodmwfoqubaimifydpgb,testvdwovitpprmbexqhcavu@myemail.com
testxmkdzjfaapgfvrxnqtgb,testjcfxmicvagacqnxrbjfh@myemail.com
testudwjaefpyrrspyopdnvz,testnbsxbhkzyhntpluxxyrt@myemail.com
testuqfwzkjbqpyvcehhysfa,testgjycqwxzkstfliirorbv@myemail.com
testpmyirzhhnctrgrbgmwza,testmstwpqgqvpjarymlkaht@myemail.com
testihaihgmlpzzbkkhguzhi,testsvkuwwmupeztxhwhssqi@myemail.com
testtwwpcsawlxcmqojolgge,testzddrsiecmiloslhuudgk@myemail.com
testgqjmptxmsklnesrlhioa,testqjjvhpeucsruoytlbydw@myemail.com
testwzwtnwpbdkuqiqdoiclc,testdvuxnkgtziyvivnhrgdn@myemail.com
testopuqthnybsvitqrpahhz,testoeiburjzgiiuvgnvjccz@myemail.com
testkhirodhqicbhxudwxpoe,testzdrypitkaakzqbkyvgau@myemail.com
testowyttlxojzzenjwcfbbs,testlgxpiwdkazjwnuzkheuq@myemail.com
testoehlduksdbxtmgafndiw,testoamxaavwsuvmlbysnlgz@myemail.com
testmklpjwoxwytdjtaommwi,testnemgvnmhjwaborsfmvnc@myemail.com
testrihbeygzhdljccuifcrk,testomyavgtpjimbxohvzmia@myemail.com
testkkheurrdnsnkqsbgfxvv,testzkdvoswzntaprkbqygjv@myemail.com
testtohgmnelhbeynndwukxu,testqokthmgrvjweojwrihnf@myemail.com
testmobprwaocmvmvovbkkqc,testsduyqmjpnjjbazzokrkq@myemail.com
testiwjfwuvdgufqmnnqlvvk,testtbkggaqxopddxqwfgezz@myemail.com
testuhtvnmlnprkfwhmbkvax,testhfgsyaqjeepdihaggdtq@myemail.com
testmngfsultubomkasrvhkc,testecqgxlgfxnqgxorvlcfc@myemail.com
teststghuycscenxxzraaphs,testsovjuncgydfykpgbpppd@myemail.com
testxglhmbfbyonkonmdjqji,testkhyjemliutxvjdkpuoii@myemail.com
testeszfdielehhiuaxlgdtw,testfzikqnekipjiyjpdpsxq@myemail.com
testhrprjlflstaiyemwntqn,testgfydqwbjgdixdismqikf@myemail.com
testukihssuhlgreqfuusflf,testyirsybiempavvinzwwti@myemail.com
testswsyfavitbfehquajkos,testynihalkdtbjctfqtjkiw@myemail.com
testmbjtqtkosfodovacemst,testjlwowpjklumwisixfuun@myemail.com
testthqigigknzfrnhtuzyvg,testsrbvmvdhjbcdnzqgkjnp@myemail.com
testghbenlkvzjjipfgiuxnj,testwuvoiqzgofwphtmghjml@myemail.com
testmwdruxnvnydkupwmvpio,testcsauyjeumqkwcwezyvgg@myemail.com
testqwbbgbehrawpazbkudvw,testfgkosfkiohylwjcuylva@myemail.com
testrhrwknrnpfztymcvhthj,testagoyzxreceytvozyhrun@myemail.com
testtkettssyzfzejdrmiwdm,testibxiocwbsdnmgueojito@myemail.com
testmputhvnwagotntdnrvlm,testnfgzpxvjyakcnfoaiqzs@myemail.com
testkkhrrmkqhzoalgmoqquh,testbblqeyomnqibnpaxqwza@myemail.com
testhrcguadomrhfkklmqtld,testwegqypnindbkzsgdpmfa@myemail.com
testgoophdqfxmfhdrktkdmo,testrsqgitmkeodstizocnhi@myemail.com
testocwxphksfkorfhqzprzp,testbagmvpfwyernivwjhibh@myemail.com
testcbftiknevuktpnjaskyd,testtfgigtfamexrgginnhyq@myemail.com
testqcfvgxskqgvrhahdpcit,testajpxgvjvstztxhyjildm@myemail.com
testecwbxuefbmqmebotkeyg,testqpqpswtmugpmylcswhzc@myemail.com
testpkftlhvaxbihqwuiqpwt,testfnpxejtylpkkdxclkfrv@myemail.com
testwhupbvgpyrwlsdyesxrt,testwiqwsljtvslelmhdskre@myemail.com
testiqpcfbuxwnbojpgpvrpu,testebinlcdxgvyyrgarvaqa@myemail.com
testiybiwqnvdsqtwexuqimi,testahnckxvfxcyqkavxmzbz@myemail.com
testeffalzqsadbgwbrfeifn,testixodbrzqiyyqbpzdvjsv@myemail.com
testeemmodkiwvyefwfohrya,teststdtdnpsurkvcwivcbuy@myemail.com
testdcbcineejccmupkywkuw,testvwjwmqgytrwcmxtvhmhe@myemail.com
testukuvagoxhdqjldzrgxnf,testpksfvbfaswkdcbaaywxv@myemail.com
testiuumxyjhylxtvxivihaf,testhtqnsnwmyunltulgynpq@myemail.com
testxykwtcaxlocmixdsjlfc,testsfhmzeqttmsduymezknd@myemail.com
testrxprtmrqzguarpzqogzh,testicymtcedtdxarraeiyzi@myemail.com
testackpsivvryhgrbvheoll,testvxlzzybcwoynjxvajqal@myemail.com
testlwmpnaquyxfybqtmzjas,testdvadurqkbrplscwhsfde@myemail.com
testpokjqhzkutizwrfakflf,testiwsyrqwxbeepymlrvhbx@myemail.com
testumfmlvdjnsbqrilfugow,testtiwmnoywqgnhftjyjzwv@myemail.com
testxofiomumrkmyxbyjmvaj,testqlccittpwtjqspylbybp@myemail.com
testvgcbpzmqebjymkyrgcxy,testopbumkrcqnynbfmdctfh@myemail.com
testqcibiezamgmnhnirqpzq,testtbbqxmwgullpznqolulp@myemail.com
testjnxzdzrmauubchgdfrsy,testlimpjuzgripzxsfalyid@myemail.com
testufcpwfdnotfarbfxpmjo,testcttthbgpzzywjkbnctzt@myemail.com
testxaxgriokgohqsdxjlyuf,testsrxbjffhnyriaosbhmzj@myemail.com
testzrvtxvbkbwjjkfuaeuqd,testhljfnkkuvxqtivdkktwp@myemail.com
testcwfqmmjmlhjstwzkimwt,testjvhjdfitkectssotkuwu@myemail.com
testoxmvrntvaogdzholuvfx,testkybqpoamwqytnolgjpbb@myemail.com
testygfltupbfvsrhzeozgap,testnmxzjbbkzcpknwgqrbmq@myemail.com
testfkztrflmafxsfcqtzdbm,testwwbtycmfxxhogimdoxep@myemail.com
testfqwppgsotkpkaogtopci,testmkgpgbpocgcumzfogxdq@myemail.com
testshksioqvpddbijoighis,testyhtyqjwwxfvvivkgijvp@myemail.com
testefilielzqghhjuibixlm,testdujgpikezhnhrdldpbix@myemail.com
testaxxmqlvalyfkdpxdcdwm,testrvsgvkzhmdkvlompvqwa@myemail.com
testcrvrlwzuwpilptdvswgf,testogjddlfpoyinxmrsisdk@myemail.com
testrerjnhhqfzjwsxbadrxf,testzjqfgcegbrkxesnvqdkj@myemail.com
testpaiebqljzugyptnoprhv,testgytybgehthdskheskuzs@myemail.com
testikthskigdjyrmnqkvuuh,testixyehazogvyxmmajhmlb@myemail.com
testlykfttpeoxgaffcwyayp,testcgwejmlbdfhghlycjpux@myemail.com
testvrxwxufyqcraqsrttfnv,testxslhuxuljbsqzdogpvxp@myemail.com
testcgfjhykxyeqkbelrahys,testokmvkgsuwjtxuxqiezfk@myemail.com
testgqhbkbtqeewzzpvpkdlf,testpffdtmcbczronvdtghne@myemail.com
testmplyrfufwsjdcojnxeoh,testhirutmwxuarfidwrtmet@myemail.com
testdmcmortxwqoczydbajaw,testnlittdpzxrvvlvodufuj@myemail.com
testthhidoupmrhzvxkgkkrt,testymibajsgtjncjiwqyqme@myemail.com
testjdqrvkorkktvxzcmyrmn,testblniuhnwbpotpfhlukuz@myemail.com
testjphmuypmeusbjbmvvsne,testubsyjhwzxbcdwjjnwpks@myemail.com
testshmpxmypixxakeionvlu,testbfnphzuyeicpfgmcatos@myemail.com
testvcuynqrlcufyogbutgpg,testadmwsivmzksumfrduevo@myemail.com
testvuegdzbmabvjfrtsayta,testxteorlnolgwhjszltreg@myemail.com
testlhlkyvibocyvrhfwfydk,testhenqolxzjyapnwluljxm@myemail.com
testqojriiarbfwzgwllwioh,testkmfwqwbbuenqtrhcgrpx@myemail.com
testzaelzicuqkphzbhtgeuh,testeyxipswaobscsrteqinm@myemail.com
testusafaogqoyrhgoqctrwd,testubaferredhcjvmqtxsuj@myemail.com
testixssprocavfsuxditwwm,testlelqjhlefbsoskvhahdb@myemail.com
testzyptbtbhnjttppowmxlu,testfdlplgcbisucbqktkorj@myemail.com
testjzbzbasjbetqgpkaopfc,testhfcfcpistdhwoimrjdtr@myemail.com
testgganqfxkatripkaadbrr,testpekqhsnhjrlirmksyaul@myemail.com
testxcywclcbugsostyiyysh,testdwjglldwufaaknubvhpq@myemail.com
testssblkfsjfzynjcbxvqzb,testyalrdaoblxcyqwwwfdqt@myemail.com
testjglkufufgajdfessayke,testyoucrhwobngbqajpqxiv@myemail.com
testlrxpridkqlxjtrhbtlhw,testzmpccytfmwvptlgpentl@myemail.com
testrsgmmtygwhwxqfykvras,testplavydqawfmqhtpvedbn@myemail.com
testvkuhbemeigcsuiznvhot,testjmqctswusyltxdvovxua@myemail.com
testbssosdziwimffwlsufwq,testwzbaznpxxpefnasbzhmt@myemail.com
testcyzqyfburuubvwwimeii,testnuepbgswebddswkwatyq@myemail.com
testblisxavwoynzabgkjlrk,testlkplojdjwepwpnbghnlj@myemail.com
testubtzdlcowyfblwofzyoq,testcnaaxwvdmobuonkzdyya@myemail.com
testpllwycqvbnechislqzrw,testospbadpnflnoypelbrga@myemail.com
testyqgzfjjyhtzawcypnpap,testusmlhxcbifjuudiulser@myemail.com
testiytlydttcspgabtnnqhu,testpmrqpuybdpahxxjkulmk@myemail.com
testapjynpbrymtounjywrxa,testftowgftxzzmnlgbteliw@myemail.com
testiaaiezrseqeubutzgldk,testujmqdvpgmpldzaznprck@myemail.com
testcrxrnaupkkahkesfuvpn,testngtvshazgpbrwxlrasok@myemail.com
testrssfvxzzvwsmxrmwoxlg,testqrcebbgifqannpaxhjva@myemail.com
testvqxtzigyjigylgvfjaxn,testvpzrroriyixfcgtncdbx@myemail.com
testxubbdcuoaaoxfuvoxjfz,testbzjpuikanootaxptvghl@myemail.com
testfsluudknstqhqxkdzsat,testojwfduaomwgnvtiwhdhe@myemail.com
testjhbycnhzphalceewlyia,testthifogsurifpwttyuqym@myemail.com
testeyclgikhiggspqdarxkm,testwnxigqoklomemiahhbqb@myemail.com
testlnpxuobgvaqkmxkaimvn,testbqpejhpujqvsvrpbcfjc@myemail.com
testjfzbfjlxyjyksqlmuqlo,testojtcreiyvhvsitvfghhx@myemail.com
testzwhjsyjzlpcxogqqjjie,testthusdpcckbmdoaxrobdv@myemail.com
testajphjadcxzvcxvgetahg,testuglpyadzblreyppnrzxq@myemail.com
testokwtfpbnvacuilmrtwim,testunvnbmzbdugnyahawiob@myemail.com
testkkzfugpmorlblfjkvxad,testsgrplfqtufkavcflctlj@myemail.com
testpnungcqujpcvutsllrfn,testgkcnbzsqxjfbomrgdndn@myemail.com
testoxjhlomawwblejqhtzhg,testtzdmhjlmmsuzmcolzxii@myemail.com
testaooflpwzznvzpokxaxhu,testnobueccwelddpjesjsyp@myemail.com
testbmghmmvpzcxzdtwyohyv,testvviprnprajsrglpnrjhu@myemail.com
testeyxjhwjetssgcwoyvewr,testwjlwsovrnclfzpciwxuh@myemail.com
testqqickewleyhswzsetqmh,testincjzdyrckaejqyivyjj@myemail.com
testimslgmiwanvqdiczolia,testzycikjcdrbgiatqcvnyj@myemail.com
testavljxxbapvzfbhbbpzbz,testlboxfpmbeoyprlkvduww@myemail.com
testjsodbextykktbpcqwtrl,testbgtabngdjpwcocbxsaof@myemail.com
testntsmmgrzmlxtnzttjmyu,testcjnkfryissorcjcphvvz@myemail.com
testvvooxghlvqyjrsliplky,testrgbooywvsxohxhsmgzxt@myemail.com
testdrbrqyazsyptzufgrsoh,testcrigwoclxweioplsftdy@myemail.com
testnrzffikfkktnklrvbhqt,testurekexioelyypanlofnc@myemail.com
testhykfegiuwlkhoqlyxjlq,testhqliyqfeddvreumobogw@myemail.com
testwkwrzzzmoahiwoaqnbbz,testgyxfnvrzlitgvlddbhdu@myemail.com
testbxpnsltjtfvvsoqyabkk,testghjoyyasohjfthxytlel@myemail.com
testyfzbvqmebeccejkxoxmn,testbzizxauswmeloumectqp@myemail.com
testzynujzztluoicjidsqjr,testgihedfnufyejervexxtf@myemail.com
testmrvczexdmiyryeheiivq,testgaamstobxvnquvssnpqx@myemail.com
testwqmvhqzrpaildptiohqb,testqsqlntzhdcscwzpfsmda@myemail.com
testfilsfxqkbevujbkmyndt,testkhosikbnqcfarvrbssdo@myemail.com
testkljwtdpbpmezzteugcam,testmcaheosavehxxixacpod@myemail.com
testlgoihponbmnaxhpyfnme,testbgyxxrrxbjmbxmxtdctm@myemail.com
testvehylxuxeffupkruishb,testazzaydrtfyljqdvqxvon@myemail.com
testpznjsjfqqobcksjilvhu,testbytdasxxrkdfzaizqdtt@myemail.com
testarwlddpkczzcuokxrlin,testgreikzmllvgnnfkakojg@myemail.com
testabsqleqvmgkkezphqzua,testcqvoddriwkedlcwnuamg@myemail.com
testvsgsmtcwauaxooaxhqmj,testcirgbtvpkomeirmhpcqy@myemail.com
testaotetgeynujezbephlfo,testltddmgzrauqjnywsfbhh@myemail.com
testauojkjivralhnnkcwyne,testtusxiiwghxrktdflyqoo@myemail.com
testustvyhijrevkysfdqgad,testfwiszzhinroatjdzensy@myemail.com
testiabrrcqtnsvndrjfxdlx,testfvkylyspdwfrlsthduan@myemail.com
testhstrcxuihlnrbkzilqgp,testxbkcnfxikbbvchqtzdqg@myemail.com
testoonyvkxhowwuyihutham,testozwtvdhfcforzvahxaym@myemail.com
testcsdicjmimjsgphlekpmn,testispefvsmvvmqkmuuvawh@myemail.com
testwgbjqngzwlzpbvfnzfkn,testfwheijqxjqwyamfikbhw@myemail.com
testnpfatwvlabanpmqrdsmz,testmhnnewdwwcmhyfdvrbzx@myemail.com
testkyakzjrrjfnzltftulxl,testfnvseevcfbrivxvaenid@myemail.com
testcjonitrrbyohsakedmli,testmwnjdsxlowhlrjchmief@myemail.com
testgjjmnddtrecenwxmifwz,testfnulxcuzsrpehzsdgbhj@myemail.com
testadtddspiyzrmwgerhrwn,testgtyoxyihrdfncqjjirsk@myemail.com
testwmeckuqnqgbvvpezvjbx,testcqsivfmlqcuoqpqlcnqp@myemail.com
testfxpdberznkizbkiitwvj,testxjvwfebohcnfxmirhubf@myemail.com
testwsgbmphgapqijqdugfuy,testcxygjispynpcljltbmxs@myemail.com
testnhgwdbhrnqddhfrjrlnm,testkertnuerndgqqebjposk@myemail.com
testskmyczohwievehidwykn,testyvezukvpfoeyinnwfoey@myemail.com
testtbbdukrfpcsesdwxxaee,testftlilupsgwkdizykzxeq@myemail.com
testtgnjzctkgtkrxewhorbh,testokhtjssgpmjryqjrcttx@myemail.com
testipnluxjibkjivnbmetjt,testnefshsiflsinhvsqkvnk@myemail.com
testdiqqsvrqixbhhrnsxphj,testvjyvraqouzdqhnzkgztl@myemail.com
testwzhmhsdxmswzvfacbfbo,testrmrxoywgajdhebwpjsob@myemail.com
testdmbtfanlpqkblzgrixlk,testxjbyzgmwkqnyslzusmuk@myemail.com
testabnwopdwujlcwpmpslfj,testfmbbzncjefkkdckwrhae@myemail.com
testtshyqjllcdhgonhcclhj,testfbqkpsjeorhikwwngmko@myemail.com
testcmvrumuwxzvxgixmdkrv,testzfjlxkemperazbbjzxja@myemail.com
testxwfidfcqkezzqidcaqgx,testaaxdvsxdgqvrpncawgmq@myemail.com
testcwhrvzdpvdglgntvzfpx,testwdabhdesymmzwyzvvwsk@myemail.com
testybaakogjlexcimdudoac,testtolfiervbppvappbilay@myemail.com
testbvhgwdsnmwnfnbhbgcur,testjatqgremjbvzqqlksaeq@myemail.com
testnchrtgwqcqbtqmiktyvb,testpmiaqiuemvguisqveuxj@myemail.com
testvhuruktlxvmfrzwrwpoa,testmhhgtgjgaqnbiciafenh@myemail.com
testrlvcpnswhjgkzoasqubu,testckeqguimlxuougxroajx@myemail.com
testxamnofytqvwkqyxtdxwa,testxuibwxrkzxvtnlnpvtcq@myemail.com
testqdhtqhnmvbquqyniesns,testvksvvznesqjvaxdisqrn@myemail.com
testkmirnrfeudxclqjkwiyt,testcouhecrucguyjltdrrqg@myemail.com
testolzhvhgqbevakjcvcbzw,testclxfntbeqvrcxjcsctns@myemail.com
testsoehoplqpsicoowplrgx,testnvvryhbvcqejfwsvzlsa@myemail.com
testoksuozdoqpnscjoucwat,testpsbbufqndpwnqhliypao@myemail.com
testunlczijnvhfiphdfkvbw,testakrwciqpnxoezfrcbuyv@myemail.com
testikxnfrnudapxhwjxfrxm,testvxqzxmdwbvldhepvxslg@myemail.com
testqemfnbojduetjmqsjrgh,testdecitannjcloyeluwmbr@myemail.com
testtfegrtwohdyxzhuccjdo,testfnkiaeqgdyzolbpecuoj@myemail.com
testzzvmqzghgfwofbvhzudq,testgfievddcrkqpadrrbthr@myemail.com
testpjlrbivksrtlbvrveosm,testmtitqqnpsadkfwnsghhh@myemail.com
testxgmkyjfnkibmqefgqwjg,testliqqmtgsxoaayfxrdltf@myemail.com
testxbhpkvuojoyibhzggosn,testkrbegtjewgvpkvvbfszg@myemail.com
testfntiqhppkhrumkybxcpg,testykyaickfadzsxmwnantv@myemail.com
testskuvautbuzpgvjtkqqfj,testsbvaogpkowtbaepjjqpx@myemail.com
testfztsniauwlzixdheqjyj,testuklspknaccodfhabsuds@myemail.com
testoneekgurmpjikieeyrmn,testtpaibeytqpdpviorbaoa@myemail.com
testjahefvgbmceskadcingy,testyltulkaybpsninuhpuxe@myemail.com
testberdpyqwaijewakcneuo,testecghyfyrhflncmusbqdb@myemail.com
testomjpqlqtpvvybfyteymb,testtrnbgeifxfjvjzzlzaqw@myemail.com
testklzwdoapiybsulfgcfzu,testgcthrcihnvpfjseowwvn@myemail.com
testsxadbjeqyagfviocywrw,testswmyeupvvugbkatrihyc@myemail.com
testjdoazznigpgeekmbqccm,testrvmfnhhicnbojshyirdk@myemail.com
testpzzizdmyqyhqflnrjnbt,testywqgfpbpbzgktyeaptcu@myemail.com
testjmzxduvifzpfvznhxsxy,testpttxzmjnaxrlbvxvbjff@myemail.com
testzpigbwhopdzxolywmyen,testlqbctfsakpnyeifxywya@myemail.com
testlvvlloeuwwgbypboumdv,testjyqvqekfevrbkjjyktqn@myemail.com
testdfmmlkwuitssxncldojo,testihjnllwivxfsjxigekou@myemail.com
testlnhhagyfyuxwmqnjgbwa,testzwtzasamnmnggcyqvgwm@myemail.com
testybkcmkavgmlvzekbxkuh,testhvelyjanmxcdmwwskxvy@myemail.com
testrswdjjhqxklzajltwkpy,testfnmajvnvlzoezccvzqad@myemail.com
testvkipsdlwdiopbstyusxq,testgkjccxtctlfwaqupdwqs@myemail.com
testdireteugtjenfkvcewvy,testamzmihnrmdjcpehxlfnh@myemail.com
testvranikrspidsivikwirn,testvwmizsnwkpzshhmhncdm@myemail.com
testqlwyenvxiqggxpadlmgf,testyecfevjcpxvcvigpuexw@myemail.com
testwztpjvrahvsrbtosnmdw,testrjrzaaivllgqlvgcbhgj@myemail.com
testoxhxgfjnyunjlloyxiqp,testmdsyzibyzjwtsxrorivz@myemail.com
testhznkqvkzmwgsgjgtapju,testyxfrvojwrvzxdtqjjnih@myemail.com
testztanpguyaobwcmbarlpl,testbocdutxsmghhrioospul@myemail.com
teststcsguwpzeaeqrosmuis,testebgsylidbddkerrgitri@myemail.com
testrtbusowosfkntnplyceo,testemswlfmdhcipzbkrilin@myemail.com
testqwylcwkvyskbuumjibqe,testwcbspnehcrmrweriuvov@myemail.com
testdcyyjkjtyoooohgszxdg,testtrjzfvoplrjkcydksnud@myemail.com
testlmukpimxqrmomcqibumk,testqnvrtxqdbezwzylizunk@myemail.com
testvpfjnwfbeimexjtxamqp,testhqywyohddncenlnkdhsd@myemail.com
testpychxnsqhmkxmwfoztwo,testcwjcmowlgfdzxbbutpbl@myemail.com
testgztlhgoauxhxhwesopgo,testnhmchylvkawtwjzxowcd@myemail.com
testwxmclggdnorifkgfgiwd,testydecehqyjrnqsuagdmhz@myemail.com
testppvzcslikmdnoeqazkul,testrbkwansglfgytfxvefvp@myemail.com
testausrvaaxrzupagnhrsmp,testtwyoojijfegixdxfaubf@myemail.com
testfljqexbgchsijvtxqfhm,testalvcdzhxnhpszfcolror@myemail.com
testyzhesrnycusdiemqwkha,testverlkzlxgrkfjizilprw@myemail.com
testxqxjwgerogusebyqytpv,testrnxuybluvlqynkdykrjs@myemail.com
testbkndkuwmkqnilcggjzge,testnnzzpztiuzecqmehlmha@myemail.com
testofxawacgqkocnmpfhunb,testrnuuonwpwjquvgtvmwmt@myemail.com
testicciiarnpzaehoaczqlh,testlcoraramsokboivbqnts@myemail.com
testqtnfdljckxfpvclwovfh,testnmtskerooicmvmbpogik@myemail.com
testmzonirubfaxrojzehnfw,testupvnmtucjrscayfvcirg@myemail.com
testppscykirbymwbyvrndqu,testespzzzrkvjqjyccezmnm@myemail.com
testzqplzjutluzumoypnwvl,testiycpviisvegkvbxdyyco@myemail.com
testqshmqlrfbkvmnnakawig,testdcnstnfuuqfepgmixfyq@myemail.com
testtlejtmiwenabntnjoiqi,testfcjaddrspgqivywmslzr@myemail.com
testrangrabmtikyzhbghupx,testbtrxlyckkkedrpnoojdh@myemail.com
testosoigvxnacvxtsvodjdo,testtobifrxajsoibwuwzcax@myemail.com
testjwhshrrnyrqtpipnugrj,testnljprpmouvpqxpmebicp@myemail.com
testkjtemjmkhbgbdykhnema,testcxhqzbeqnehxfxtqxerm@myemail.com
testbkijhpzwuchpqzvuxota,testaioptjotjycapylfefmp@myemail.com
testpaymjbsssxyyuzyfonob,testcuhohisybvubkdidychn@myemail.com
testmjzsjnreueyfsqaxtcrc,testygoncgbcoriingyuneuy@myemail.com
testjmxqupeqgbhvoirasqhc,testxaaubccvnycfgsrjwqmj@myemail.com
testxlfxndoljjmlcjqveqtf,testftftygqtuwafszphztru@myemail.com
testbcmgnjvqlxomltpgssyb,testaqjzwwjbrkhwermgdbri@myemail.com
testclefewpeezcyrbdfgaop,testeprvbcrpddtlqoehdhmf@myemail.com
testoglmjpaufmeazxncwzdx,testtcjafyjmazrfnitjmyoq@myemail.com
testkzttsgwxvhvmwwhykfiu,testgkaikulovoblkkxrfobx@myemail.com
testninusvxupbjhjbdbvflt,testwwalpbudvqxwugkzgdek@myemail.com
testdflyrezvtikispsseevf,testocretbwtdwufqoleyrvk@myemail.com
testnggslntmsfkdlcbpjonb,testdsglmtacflhhwglbasiq@myemail.com
testihivesoqeqlvfksabbnk,testgwodcjnhasgooxiljktv@myemail.com
testaazmfmlvtsznaadlxgdm,testfvfndlgxzuqekqfdufde@myemail.com
testnlcaljzqxdhumquzcqhz,testudgxbjkxcpjicbckomcl@myemail.com
testicdgsogydakxitmaohkr,testqheulhjcwvbfyrjlfgzk@myemail.com
testmuqipeoqlokiwrhuyelh,testgsvqlkmgvnrlbcgnlsoz@myemail.com
testjgxttpbtczlazbdkbvvy,testhlevszvcspbbvvyhkqrm@myemail.com
testpyozeirjcvmxzvnxqkyq,testugjdqahzrpszmsekdogn@myemail.com
testddrjdlkqluilndmpjxnn,testanozbcdoekipklonfvwo@myemail.com
testfwtxazcwzcmvzgamycog,testuzqwspbyfgowvgvzzroi@myemail.com
testxgwxqntiatdiwpwmfwbv,testfkborcgtzfwatgnqyybf@myemail.com
testwcoghgjfwroldbhyjeub,testomjjgvuweudbiashahtn@myemail.com
testundtptyqgdqamzrljpbm,testgpjsoeakzdrmwqjvgtkp@myemail.com
testkkwxmodjtihqxjowasqc,testtryzwqbveteyttqxlmvf@myemail.com
testnexptxttmoprxhawlmji,testacxvrhsnkiugkhsyssma@myemail.com
testispxxwckquqzzensnnfw,testuujcgcjcvusmuijjdfom@myemail.com
testprhmcsnjpqcizvkfrkde,testapzmlnvandganmppvzph@myemail.com
testumhgckhldlrjqllxcbqa,testafdafhpcmoyuarrpntte@myemail.com
testtiddfkwuwvzhhletiplk,testhdqnyuaardomqcjpuhjq@myemail.com
testnhsjzdyhmtaxfyzdjpef,testehjjhdvholwurmkktohw@myemail.com
testavedocvaqdbhbeatqmby,testpcupjauwlsgympnfgsbx@myemail.com
testqjuvjvhwftuucufijgar,testqxbeoqqvaqzqehypvacp@myemail.com
testnouwcfderayzentzzzed,testoyzuksyxjkwfhcwwleww@myemail.com
testinbluzcqdrytbspwafbk,testreammugxqpywjkowohbv@myemail.com
testehgrwxtoyqxhwsrycmxo,testqcqvjeurjkoeqewqmbjk@myemail.com
testkubfqojqpatrmwchdtut,testtpcsmwzoybhnoudusvbj@myemail.com
testxrbjdsxmmkohiwhhbqmh,testzljgcoietgwqzmatjzcp@myemail.com
testbczwfwacrydlphdjzptn,testlfutktyuenrihwdscppt@myemail.com
testyvzpifrzimwnwufstaqh,testnzryniocejgwadoxvucc@myemail.com
testotjmdsuezkpjonliihjp,testekaoqnzlnjliacxkhhgb@myemail.com
testxvvxmjwidvmlfgwgahvm,testklirzazgfwuobazynmyd@myemail.com
testprmxmknqmwczxxgkbvih,testlrueemsnhcviggnvmblm@myemail.com
testnvrvgxguoltbemvvuqse,testsizdocgsogpspybbxlxw@myemail.com
testlazdrcgsmxvdfdzvudma,testnhnssstxjbuaryfqtdom@myemail.com
testmxejpjxaygmosratkbtf,testjrjsclhfzqbiacxrgvaz@myemail.com
testrsylbjrmnxclmvvcyrhy,testhyktroeinrfmsodpujlh@myemail.com
testlntiwmpkrcmhyyhbmyxf,testffzgbpaywgjuxkpgtshe@myemail.com
testqtyztdoyyqxjrxtqpsvt,testfrklppagbkvcgrvoazxr@myemail.com
testbnlknklygznccujfumxv,testgyrvrjebysszywhckotn@myemail.com
testmcrqiuykwbcneaqllotl,testsuxznzntfqebejutdtxq@myemail.com
testfjaidrynmsplqdvhanwt,testhbmcqtgcpkijorxainkc@myemail.com
testbowfyhtysngedgyercea,testhaqeckfkrwhkzflnakqc@myemail.com
testvqeqjevimxzcryablljk,testflhrpbzqsoltpkxmhidu@myemail.com
testpterballypyqsigfmscd,testjtisdbzdxymtukbxsopl@myemail.com
testdbhcpvblstfuedvmblul,testrgsteagyhtpnpdilrcof@myemail.com
testxertyncnxveymujpqgld,testwlarzsljjbsgzjgekuqv@myemail.com
testivmzjnsexkjaujwfwljj,testgrqcbhxmylgqlbfxmysc@myemail.com
testsaadcnhixjlzuwovladt,testmemmjqgauiphkjhvjlnj@myemail.com
testywmtltxjelouxxsadyzx,testorvjmlwgrlrlxiwgtget@myemail.com
testqcuehfdlepaympjzonfn,testumlqqxbocmhezgmwmntw@myemail.com
testkqtffiwoscfljxekqnsq,testutmoztcgizsxnoojacgy@myemail.com
testtykenkjmpyciplxagmmk,testnwfyatajitdwfndyfrjn@myemail.com
testcznceterpucdwwlnuoty,testwbfdsdtdqwphgsjpjvwj@myemail.com
testdcxxphziafxkjstrkxbg,testvwqmgfrrnalonfatrmxp@myemail.com
testsnhihrnpckyagycvxvou,testbunbmjmacpvkbddxwduk@myemail.com
testlcervvqrpthebwzktbto,testitiowdinhepfvgzebwrh@myemail.com
testecsjgpetntctajiijpwy,testibhtscgtgutmzqslhjdf@myemail.com
testzkuxswtocivromuufvik,testsgppbqllzodjhuaulbzb@myemail.com
testzjsfebyzbnmsuaitzjkj,testwdbidimphmpteihpawby@myemail.com
testdcstzauogfaezukckogj,testvefeeqakmdevxjxvrmzi@myemail.com
testxrponjpzhmualnezqaav,testoznzfgeybxvoytzaiptf@myemail.com
testfhgssfdkybluicliwqqq,testuoscsvrsixvjtknviuje@myemail.com
testierdzdjmxzdspalwufdv,testqgsacsusqottkjjmneoo@myemail.com
testhezzuhnsitohjwbekkoj,testproxqhleuphwvalzwdjo@myemail.com
testgoisdbapzitxrakmcazs,testysynwwwndwxplkabdlsp@myemail.com
testtcvhflgggaudxvcfagxg,testngbcridxrqjrxtnluzas@myemail.com
testxbhalpaznkmoornxxjnk,testjilrjuxxzqkdxpwplwjy@myemail.com
testikvrwcsczhuroxivubev,testosxapylsumgbexadqkxl@myemail.com
testcrwgkuozpchkieyyigan,testxoshuawhoeuirrnkqbyq@myemail.com
testwlzjncpcrennehtsoyrq,testxcycmviouuyfrrlprleb@myemail.com
testtyqkgydoulotbnlvppsg,testaprmgnewnodmkzecxipn@myemail.com
testqiyknqexmajnxntlctrv,testrvmntlfucnzhbhcatfjv@myemail.com
testjovvchwgepnsmkabgfrz,testlakwhmolvdjvuyivcupb@myemail.com
testuwmpxcjhfnyghzxhkgzy,testvhdlqkjxjhgyxvmcluie@myemail.com
testvwkjvhxojxjnppcwoqpv,testmifbvkumvkjinsusaccq@myemail.com
testpybqsnolgamhuakxmbfw,testuwechhopbkecvzxlxwdh@myemail.com
testdxyyoeknqypsuxcpnkbh,testskacgasdsauzolhxboty@myemail.com
testtfkeypeifqtxgbipllfe,testkbvndtpjnurtzatfherm@myemail.com
testtyhllqgcoewtyxvcpvcc,testadnhynmncdvusxnyylfo@myemail.com
testhkvzkrwfrpwjdbqzvwbd,testinkpldcavmkjisanfkib@myemail.com
testhyouygqkhcdgydxryuox,testyjotqggpezpcxzufcbof@myemail.com
testgltysmfysrdrmdlwofxm,testffohxccoqtkecebfuhpc@myemail.com
testwlwhxsszhebawyebedup,testgvyefsqcigecaifztlql@myemail.com
testvdzrqnfffnwvkwiexktp,testuopqfswgceejhxcbafkt@myemail.com
testjxykpqtvrcvqxvxlhgss,testzgnccdunavgmtwbqopyt@myemail.com
testutntzrdulmnlmseoosdm,testmqfrpbhwzftyeamiblpq@myemail.com
testtowfdkibejuapwgilrkc,testwqleghxmuriwdudkaqiv@myemail.com
testhfxkhthxykrumcjxvmtb,testmvccuahyeufsmesdgdij@myemail.com
testeahbewpyjtutpafwbswf,testldddxkbyerbqgxfupmfd@myemail.com
testqdazjuuthoaqnfhullof,testvnjuibdrfuvvfrvqeqha@myemail.com
testbhmehgfraindgiramgfw,testayczrwjhntfdeklznfyh@myemail.com
testuaorsptfddrkhnedniwe,testoqcssleojojehiorwpqb@myemail.com
testmzivaahsqtzulhasfkgv,testsjxzxzgpindwsrablbfa@myemail.com
testpevpodsntnqroifrywfc,testosiiylfkmkqqdhhxrlkv@myemail.com
testfmthxaqsjtjzzklrutcf,testxgleuqizliuptaxhphci@myemail.com
testjedraifoghexgjdyiqki,testguqtrupwfgskhlrzirjs@myemail.com
testljqnsfeoznmbjhiaszao,testfnirheolrxphgpwibpcm@myemail.com
testjzfxoizigspndzioyqhu,testxxybycegmdsrarmbdtuc@myemail.com
testbhiwgrxlgvitdryhstsp,testwxueycfwppfdavuffljq@myemail.com
testuwuvgorjjbmtxyxhyksl,testssgpsimfxzvdvmurdfuk@myemail.com
testdelfliqmaacpfoximweu,testcfkgwvyhdutatogpvbkm@myemail.com
testqtzmnouqoctwpdbfrznu,testdygulrmrnfuwidcfjtzp@myemail.com
testbngjijeqexioyebiwqmz,testlhfetefvyaaimooqrvyv@myemail.com
testjeohajrjtijhplpruvni,testubhufjduhepnezhwnjfu@myemail.com
testyrvbuiwgazhavyphvica,testohixlhvbptayhjktalnk@myemail.com
testbtyiljgagepjerdrasjf,testskcbwmyljdtqjnfrjyqv@myemail.com
testsbxnjcakuaetfvcdxbho,testusrmerikkolzclsmmxxb@myemail.com
testakxrwsukaqakixbyxrlp,testyzxpnerehqstkokhtkoe@myemail.com
testrycgbhlnthqecyymiktz,testgakwefuqpaiefpcvxdvn@myemail.com
testzomwkohuphxguzovczjj,testroofxxhcktmplomijxev@myemail.com
testrkacefvfwzktohdzfcdw,testjadhsxtnbpkxpgenwhur@myemail.com
testygtefkrqyqtlltuukqfc,testxqzukiyrwoamezyeedeh@myemail.com
testpjvmacmebulgjtqrpeml,testyfsdkhditcermxgzozfg@myemail.com
testsuenkezclsrsmflnurjk,testgqtklzawemwsgrpwiodf@myemail.com
testnobhbrzkikhiebpnkrvi,testoklkslmcvnexngpqnpsv@myemail.com
testobdccjhiinghpklcvekx,testbhzvavwkajalnvsgcjbn@myemail.com
testtxtuozizfkbuqgngtjjm,testedxkbvukacndroxfchds@myemail.com
testrilqbbxnswghqkjkrpbt,testgdddqglmocdwxtqctbdp@myemail.com
testduytljaqycfufciussol,testotpbokrqlxytshfiefpt@myemail.com
testklbikmerdoylnfceloyc,testsfdjipzxhffrdrhecnaf@myemail.com
testgnqwecnmgijbwdmjuvsu,testievfpesbeyyomiwbjslg@myemail.com
testbwglmzjoxecuevgbtoii,testkkdydcvapobthfseywww@myemail.com
testxtrxbtssmcaaxmlqzavp,testysukgpcwcnbzpppcwhfu@myemail.com
testdbykmpdcaakwfwozwmzp,testuhqkpztexrclmisrmuma@myemail.com
testakctbuyjlrlkjtzjvklq,testxlvnzjyzpyxyrgotuhir@myemail.com
testwalrzicdlzzgxyhjsfxq,testbjffvwsdcpsisejizeki@myemail.com
testcqwxuwjiouuwmhhszwiv,testxhzpsvsahwxzifpqnlke@myemail.com
testwhsllzxnwdnhyctgozeo,testzbftuioeymkzjxojjoom@myemail.com
testsnfsedasmevbogcdfeah,testnbhskrjdoltmyhyftlen@myemail.com
testizfluanyuaurugxhccjc,testgnlvdfccspagajtvnpwm@myemail.com
testblciwluvqlghtdwlgplk,testhtweakjxxrrlsgvimxhu@myemail.com
testehwbwwtdcrdfvtilzzbo,testwkwpadaemlptdwmgbmny@myemail.com
testozynoxkdtzrgdjyzjucj,testqnrmgwehrhhpicuaqveo@myemail.com
testkogrrshodtlibnjvgjvo,testsgmgnuwuqalnhuixcbdf@myemail.com
testolbiaiosdngyziwpgsrv,testldbacotqcvcmdvmtottq@myemail.com
testsnedwjbibghmmwbmnzfo,testlohjutbxyzexpzzlvzuu@myemail.com
testlynmjlzawphmoayvwzpk,testfudimlysagscvpniypbu@myemail.com
testshanrwbjfxnnqjeejria,testdbopcexscbqwsdnjdivf@myemail.com
testruzcocmswwlguajjhbhc,testmyelrcqrczqifslropdz@myemail.com
testlqooyndadbgvfodugfmf,testmnbujxowhutsdecrymcf@myemail.com
testhdjtsilrzcwhgpiwtvnw,testhdsquehnwmjgmrpcxcmv@myemail.com
testkwidsonhjosxyauodbij,testkyrootdondmlqfphartn@myemail.com
testeezvwqxjkhtgscekssxq,testjczwcigpsgbtofknnhaa@myemail.com
testvfbwrplajrbvlaebnfji,testirjgxomnvmejczrvulqb@myemail.com
testeotkengynoevrrnmuioy,testmxjidpkynbuvobxhwfdq@myemail.com
testozsptvyqhdfgrqpaeqqo,testfsngotyztpxbhngtfovq@myemail.com
testmlgflldnalkxlunmaiez,testbftvxivtcyuwybclxuei@myemail.com
testswzfyklwhcppzttxlzqj,testbyzteqiiqccpurtphmzp@myemail.com
testtqwrnpzjvxxlnbjcnhdw,testimzdwgthufxnuhzldsdp@myemail.com
testvqdmqoqnjkztesfkeirh,testfexilswylecvfcmyhsou@myemail.com
testkqmnlesgjgtkllyzmwsf,testayftsgukacmhtjufbrdg@myemail.com
testqusxufgzvzaejqqgbnvv,testgvvpwsjiqgayiqeyphpr@myemail.com
testgutscmwwzfwbozjzrrcg,testacbtpuuyotojpnlxeuqw@myemail.com
testietapydvvkxdukrwohzm,testjwwvuevejbqtsrfvcytr@myemail.com
testymzmvahfwdmhbktojnsm,testkzezsfmtzneiptagbdym@myemail.com
testiolnbrbyptlclztjxwpo,testgrvnxngveybyhjaskgjt@myemail.com
testsrkdzvnsycxbzfpbzdun,testukyxpteweoalcbdwbfgd@myemail.com
testtzpzpbugxzrbyiqhzknp,testtxkocywgkmnwystrbola@myemail.com
testpkqgfgqwdemvdjskqhqf,testhuhtauajzuvrrsjaupbt@myemail.com
testbqslijswtwxvdycitrmf,testvlgqxonsyonwzxtrkqlf@myemail.com
testxcdnisabargtscdlokzu,testcixvzcdmebjfskfmmfus@myemail.com
testnbrcmdpxvyneqtektbxj,testobxkzmfptbrykdpklweb@myemail.com
testjjmmgpdxliucrrbxkflm,testjhhdtrmchugebzpnpkuo@myemail.com
testahdjdyoxakmjifyvozez,testfndwkavzmtmlsmchtipq@myemail.com
testicftnbjrrtchtlnevwrm,testypygotoqtczgybrbhhbu@myemail.com
testdudghfnzicjzchutwsxc,testuxiyfmnxczturwfmjcna@myemail.com
testayfluefjjoqlrvixekza,testekczxfeshbhgbtqcvxow@myemail.com
testcobksviggflbuoptmurj,testctsqexobdvajkynlzdiz@myemail.com
testsfpmyxfetpfibbfkqanv,testjbfaovsmabkcvohdelsy@myemail.com
testoryhtoqookprgaestroz,testhofbhzsxrrzayjehgksu@myemail.com
testlklnusbyfviketbevbze,testwoelmeahudqhrvrproin@myemail.com
testtfthdxakdxevmvbalygv,testckhbungfcnfybevctgvv@myemail.com
testzalrojwiaklrdhcoyxig,testpowjyphxelsvxuespvql@myemail.com
testvvnwmmiddyzgxacxmzlp,testzhafzghimbingzotnewv@myemail.com
testjmblskyyxkewoijzwexi,testnzwzweszhzyrkjnknaxg@myemail.com
testwobwyoiwnaosizmlgcrw,testhqpufiopohbscdoiqebl@myemail.com
testjjetszixjhxknfxyafjd,testtmyubmsdzxekawnswvgw@myemail.com
testrulxevckykgfufrohwgf,testurdiioylfpgdarrccfwp@myemail.com
testbfxodiyvbubhkuaynhzf,testmtrujerzmdhtkwbogvvs@myemail.com
testcnlegzoaqiyesseyphjy,testbjhemrgtfrpravgmbcuc@myemail.com
testxxvctlunfkcrxljyychw,testzfzqzccilyegdyaycskr@myemail.com
testheefpkqtgbvjiosniqlw,testnjyghpuygyjoyzgnfnhc@myemail.com
testrqcmjangbwktlbbjoeyt,testoqxjfqsdmtlpkbugtuha@myemail.com
testeumbybbxktnxccbpijnx,testkglswzcpgwruavcdsxof@myemail.com
testbvtexdlwxzlduiguisum,testhalgufzzmxomewlwkjip@myemail.com
testwnchetzemvrkvuhlkgyl,testclouhwzmzjkufrwkctbq@myemail.com
testxoctpysgqifeuavpubax,testvhijpuiqewscpqqzivnw@myemail.com
testyfgnaqoglcuenrkwemvi,testloaruvklihhmrccwujft@myemail.com
testvbkwmvxqljaeokweqmzl,testawzyxbwkxtdzjfitfhuu@myemail.com
testbimtlxaovwbsqmznftev,testwrwhqqklbphwsqujhojd@myemail.com
testesgvbepqljvtaezzidtp,testetxfiithvpqkzyzlrmgv@myemail.com
testsmomazmqgmpyyqcaomxk,testxpkncwqcdocxhnvmcprp@myemail.com
testehrzepcuixdalzzylwmg,testihcuihygnhiexfowdbiw@myemail.com
testgezvftvorwoytjufbvyl,testyviuluapxgqoakzawyrq@myemail.com
testdjwbwqualvsabrblsnxm,testftmnxvooevjxhujtgmon@myemail.com
testfbjgrozzwleqoaszaheb,testnhtyjijtguiitgbxncup@myemail.com
testtdrxhlvvpamvgbviqtpu,testmwpfnokmgbvnrddqofij@myemail.com
testwxkqpsrflaclvrbtrxgy,testesjrkvxqehfrodrnljyn@myemail.com
testltdumvsjsltnlpgnfyhi,testfvbuybfqfjzlrrmadvpv@myemail.com
testnklskrpjudwiftpovkqt,testrbscwxpzxivcuwcdzfdy@myemail.com
testecvabaxwkqnkgywdiaqy,testhoivguurauylznjihhdy@myemail.com
testwfbjiuyhuszfucvxsiqj,testrrbltvjavmgvcqvvlmhs@myemail.com
testkfuvvyekyaxrdubfkliv,testcnchijdngsrukgsvzvzj@myemail.com
testjcktukohvmatqkswosvp,testwrstppyehpexmgurhafq@myemail.com
testxiftghskylyqwpfhstzl,testdvrgjykvcuwjlveigvew@myemail.com
testpdwzcppqgzdezerzhnvl,testtnurvawtfukofxpwtdal@myemail.com
testmxptoijuekopizahulfk,testfldqcoumflhdbnuueuhv@myemail.com
testxapnzfytldtxxnhockrr,testpdjhavmcyhchzwclbnbz@myemail.com
testcokwmfajrieqhvbxuaqx,testwfhnsfowubxhyezvsqzu@myemail.com
testouxkbeucmhblcwdsobto,testggbbrdlmlgdtciddkbdl@myemail.com
testqcmkeqlyyjncoxkuajms,testsnpzljpuungtujargdsd@myemail.com
testuvdcspikoshlztyvbvkn,testejzpbxeniwblsibnuidu@myemail.com
testvtlbcpskqgprduxglivq,testazojbmwjscishsazqkse@myemail.com
testromqtffpwivwefgvykul,testkxczjfidiptsdmisldag@myemail.com
testjddtyjivnyjnrjikumfk,testlokjuqyxhrdibdnuvitp@myemail.com
testunswzelzslpcramqddno,testkqtsljgzizgcpiyzqoaq@myemail.com
testagkmictbokuoaxmqjpji,testucimqabnuvnvalccqmdx@myemail.com
testhnzbcfscrkoxhlrfabib,testtxgawjgpnstowcgpjaim@myemail.com
testmckbioouwxfdpepjyjvd,testjpfsenxtvekuliayvbkp@myemail.com
testfgjbcnkdbwccjaefellc,testpwalowbhoarcpeglruwd@myemail.com
testnpjwjbfcbdivzgwfsdnb,testzzqnztaburmfdfxiyamp@myemail.com
testntgqtnjxfpkivcgnhmvb,testqaduomaoiocuznrevrdq@myemail.com
testizebwavtafsumvhamzpo,testndhzazkvusxbzcfonbef@myemail.com
testqmimqonvsitrkbpqzupj,testjjanqjfwtkjgiymdvpjd@myemail.com
testyaazvvassjdyvvswtebr,testaosoaxdkpqcvpeqllzxv@myemail.com
testjgyhswsrpyqxrudadwtq,testbkbhtcviodxbkraojjbo@myemail.com
testvlliimgcvuwxwtntudrc,testvcfblxpjmnevmutqnksc@myemail.com
testgmagwyjhbceugdbuvyez,testbkbguttvqvqqstlhgldf@myemail.com
testuehjchprglqangcisdiu,testyjxrcgpmeagzosccirpp@myemail.com
testqmxnuyhtxtleoiesnglg,testafyxswkmuqexclsdhsiw@myemail.com
testscueveogfaguqiigcydh,testddtbqdthnurwbgvpvvwi@myemail.com
testqxvzvvwjvlgjfzexfzpt,testpovdoetqyxoldwchieoi@myemail.com
testjixidbwrhtmcbdlcolmu,testyykjplevdiufarcsewwj@myemail.com
testpkxbuljgbcosmooqjred,testttyripmiecgbjbqxdzei@myemail.com
testlczxbmermyppclvufoop,testojdqxgpnwrdpivbsnooy@myemail.com
testvrcpzmyckpkwqvxcqtbu,testtqhadzbaisekmvhiydvn@myemail.com
testhfjqtuxajbbhlfunxnyw,testvkfofbgapyjrqdpawenq@myemail.com
testsonqzkkhkvqopkausvcj,testnbsviamcdnpdcqcbdwpv@myemail.com
testuzoulplqushtgdmgbwgv,testbdscrabprnfnrxyfdhof@myemail.com
testpwwjyaikxhrmdmnqpkty,testprixzyiyiuzveaiudftb@myemail.com
testlilasrqwsstqzwtqhidj,testchlezvcdsnjqjhmfwjmd@myemail.com
testmjgxmsahpdnoiuisasla,testjncuckxqvvhyfgwhoiqz@myemail.com
testwzhzscvamxfkotlmzpeo,testcparjaktzxqewqoajxcb@myemail.com
testyogkumueqfzqwvphrecr,testdstogwyylzunwkwuohht@myemail.com
testhtttcwgvjcgdolbmdxjt,testdpwjcwqqgljuvfxyzhbq@myemail.com
testxhuutliqckpdocaohqqo,testklupblgqzrdnsmjqahuz@myemail.com
testtjeyqagtpeatokskpqkq,testgpsudhwkchwuwufoozhq@myemail.com
testdpwukfwhlyxrdhfujebe,testiueithwfjssoxdpnwffd@myemail.com
testwwyuxinsaxzxhgqjetvn,testdwdwytckkjcyxcaetiui@myemail.com
testwqhaefzmmkyxprqhhyfn,testnflfbaoeaxeximagmlwl@myemail.com
testmacakndjlabgezkqevue,testubzycmszklyvydbatvcg@myemail.com
testhkdbcshtbdjuspweccve,testldpveamlaimrapxcgxix@myemail.com
testwnanprnsbcdndgdblvyp,testvmljwoovnhdkijzsjbxn@myemail.com
testgokpsfzqyzczvgbhhfft,testhosiqeievbgruuykbrdi@myemail.com
testowgiqzillayxdiinyjqm,testgdetxfnvwravwyluxcod@myemail.com
testsymzbasqszeukmzqkamf,testfyfxqcleggkgchllfhzg@myemail.com
testfzemerngbadeaqrgjgsc,testddidbmnnjlaebfuviaxt@myemail.com
testlgplfvedqyghifuvtoan,testzubmipcuikcsbvdawgjy@myemail.com
testsquakuyeoywikajpjker,testgcxobkgkezngheaqkdvy@myemail.com
testbnmsluqjscoaznqtfrmg,testoaupvahphxngfwducotk@myemail.com
testtdvmuzatkfeseqkddxbx,testikcgebetlvrrhbyhgrnf@myemail.com
testhssnmzpolefkjxyrpxfh,testowcryuugfecqzttccrjo@myemail.com
testphzdiycrvnqesahjqjic,testhjbkjdqzslxzbmxvcodi@myemail.com
testehboraqagqgsokendehg,testbjnprrmkrsfmdkerwboo@myemail.com
testsfeznwocprbpulxzdpvf,testpciydlrjklcegxodswdm@myemail.com
testpfheqnujtxoxxtmdwoyq,testaygqrijsdmvmjjnmaivo@myemail.com
testrvamwkpgmeitxxlxmpvu,testoujodsfvklrviqoltywz@myemail.com
testhaiccibmtugrnzmlielr,testfmxqpxnbitqfdqonwilp@myemail.com
testkalolpxofdqxxhwfsyye,testwxvnkcggwqjhcvmggbyf@myemail.com
testdxhebnwvftnzeopslvww,testhfawmpycfzfzxojxsfon@myemail.com
testxyeppxixppieetpfvggt,testydlchkpmbiayfspqarif@myemail.com
testyvypjczeflvxjbiovhwm,testhhoceumsvtewvykvtlyc@myemail.com
testmlxoyjyyrifrypcxyced,testvuyefrtmuowjlgurgccj@myemail.com
testbindaoatnbbqtpwlyyof,testidfxknkmisuehkwqsuxa@myemail.com
testjhwwncugxwnetudvjcmz,testzazbrmxqilrntggzzzzr@myemail.com
testoeypgqymmyxdmhtbemwr,testdbpucjawwsuoiqewmybi@myemail.com
testhhkqyeelsteaniybztxr,testfmbrklodrhqprztpzjqr@myemail.com
testkuzfoqmwrzujtjuusarp,testxohbiavsxlysauijzesv@myemail.com
testjztzvrylmstnkmeqisra,testgpbuztpoatpnqktdgfim@myemail.com
testolhfgwcmxzjudgsnbwpz,testloexqsrbrboqypwdtkii@myemail.com
testerenlclphuvesdafziia,testqxgbqhsnnzmeftgyizqy@myemail.com
testjuiqgfinghjadexwcvet,testiokeehweojkpfuzghxqk@myemail.com
testdjndntufgfhxffspunnq,testcfzngfxgcwmbtlogaewv@myemail.com
testgrxekrgrlkmxzjngmoyq,testdvybvshmouaecsisqwtk@myemail.com
testilzflfzfrymsjbtjcrfk,testbacwhczrjgupxtzljhxx@myemail.com
testowwdkfcmitqpirlzaqet,testjbkdhbhjpqnydfwekyxu@myemail.com
testrtovdjudwnsyasfsjoap,testzrlrlvjvsopozywjfnyp@myemail.com
testdenvhwevxfjjmgmrsile,testgeppnglrfpujlhrznwxe@myemail.com
testmdgwykrjbvfihjnfjmwz,testcdmrvrvqpytjqxsaypkb@myemail.com
testdrrmoojdtufsvumtnswv,testevpzdzjpylchmafznigf@myemail.com
testhjxeitipzidwdstkjmuf,testzxnnorhftjzdztjrjjfo@myemail.com
testucbxvpahjcnemdklpava,testhnwhbqsxlaaqkczjyaem@myemail.com
testpjileaahewmkgkxgibjs,testiuuxxvcgogtafgdmnxuw@myemail.com
testydgytxvprmbvnbzusjql,testqqlztvfrtgexvihoxhoa@myemail.com
testpkryfhwvvyobyivwufbw,testguikxipquihbpfqnycgn@myemail.com
testsuhxzbiqcblmkdnuiqdg,testqvmndiwakqgouzdzmyzd@myemail.com
testteunlkzgegllrsuqcity,testlrdlvekmauimfpiutsyx@myemail.com
testrygpfhvzkrlyxfiqmiqw,testvsnngkplaxdtsiscpeuh@myemail.com
testljubequyuqtchcmohaxf,testzobawxxyfwewmgmuepie@myemail.com
testmplmoqovoezpadychegq,testfigvjzuritcyqginebkf@myemail.com
testnxuaapmovpgktbjiaqtp,testcatbchzyajpypwhrdmtj@myemail.com
testanrktzrppzkdvmynhtdb,testhlonwmsbqjlsafmygdhp@myemail.com
testiwjtmiuyaskodqbmwyes,testptwiglwdldnccmzpbtxq@myemail.com
testhbtribpexsemttsqhxxp,testebgtjlxrllgyidhqnonb@myemail.com
testqimxaencfsxuctopglzd,testdfwtnuvyunvqacnsbioa@myemail.com
testwqnmuccfnynogwcpteqa,testbpghiwxtcohcrgljkzrj@myemail.com
testrabnesaaxgjljsnbavev,testzevqdgqndfjbcznjsrmt@myemail.com
testpmontopqpwtjppvdcsaj,testsxapmsbsubmzfekoftwm@myemail.com
testndpxuefhthkuhwtdifcw,testzbvkfyearghqoytfvmze@myemail.com
testdzhfhbrfjhbeznxchfgn,testglsybembjssfqtdeopyy@myemail.com
testubgzvyuwhbqndojfufib,testehfbpnokbzjswkwocokn@myemail.com
testbepqqmswxvkzohxhhzxx,testchhljjhmrbzwfiabxjzh@myemail.com
testkmwoewkidvxcjkjlzqic,testqqzkvlhupyytghjlcdcy@myemail.com
testgcovzercynbzgttjpmqz,testregtkppwuuwslxaehgul@myemail.com
testepdtodcfbbeczvwcwmzu,testvxfshlpylespvnatdkgu@myemail.com
testxwnwkumfkatifucwtcap,testsrupjrhcgeyvhybujmhs@myemail.com
testrbnftekrapjajtgigxkn,testxbkowqmnthnxadrcqrly@myemail.com
testamgafxbpwyibshysfgkz,testjcckhuaasxwhhswgosiy@myemail.com
testzzwifvuxievqozluywto,testswckjwiermpfcbwvzifv@myemail.com
testyqrgmlsbcmuphtcbykuq,testizygewkjzdewmqpzknxb@myemail.com
testzhjmnykbaewwuvqlqxzf,testbekscketvnzwyjjupixs@myemail.com
testquaqhluzjzcjcmrmxeig,testbfbgldlfuomrwfqgyjab@myemail.com
testmangqilxuvcnshufmhhi,testhhpzsppfhhlpkyatlpug@myemail.com
testfhnirfbolimxuvbspqvg,testbddogfuewqhuwwjdapde@myemail.com
testwxyzieyycphbnqvydcim,testferbtkkhntjwzzlfooun@myemail.com
testqzazxynloyjywwmbzbvt,testhgpyemiqeysaqtprzhwa@myemail.com
testqlvdrsjcmasvhddrgiqq,testekufdrnysluqkqpmqrld@myemail.com
testscvndwmglvrheezqhspm,testmuzbcefmkqsghlfilecp@myemail.com
testdiueobvrqowwqqrzrabr,testwmnqpnqaavxpjqfnorhe@myemail.com
testrzoqomksspqmlziejtwt,testapflrhdlluahsliuxzjf@myemail.com
testsgzuyzqqrbyiuuvblkpc,testiiwkxljvuqnselhsqdsg@myemail.com
testzgivjpmujvmsskdhlevc,testtnutsemwaqgejkfxjbuq@myemail.com
testcyuircezfrdixzdtxscz,testbhvacebacmjfqtdcrdwc@myemail.com
testugwqilmdtcaljcxzxvbs,testmaageyjwkpyapapymyyg@myemail.com
testkcpjgjefbueqpzqmsyzn,testnyrgvirtvyrqeapuuejv@myemail.com
testoqzgtalzpbespqfpexju,testhlmgahomwzbyyhnqvtqt@myemail.com
testlcaeaonpnzywzavhhqul,testfaphupjokgltkcmwkslb@myemail.com
testyrqwnkcmbpbhyqeajsqx,testxwiuqipbjpyfneezzdag@myemail.com
testmfigfahvngtyfboxlzua,testkenqyxamaduylqgomtrw@myemail.com
testlsivbcmnsvmjlwbepiec,testoalwbghwhgnfclyzgytw@myemail.com
testffxfhzegctupdjvgilqs,testsudlieouotrcuqqfghcn@myemail.com
testqldlpmeyegpkeyibqnqj,testigwwhqhzfstlksxefwlk@myemail.com
testgabivrxvsuypsvqjefjp,testfxbdkqgglrgduymrqtij@myemail.com
testmmxsdxwlsodvwqtfyxtb,testosneurtgkcxvdxkpcgja@myemail.com
testqvbsuyrxsrfddzxrdcyd,testedziujadndgsrjmiymtz@myemail.com
testehssztdpsmgbwwvrrqge,testjvlfoktdxcspqbsqhjkc@myemail.com
testskzrjwzsuerdaeyfqvym,testquwewgwgrriohkgskcqv@myemail.com
testfafzfbvrmpmguctasoss,testqbfoymeumcpmrnqvgwul@myemail.com
testopuqfutlwonrzrgviquk,testvivqwwweyqwhpmgskroy@myemail.com
testfsxcwqbjwnccimdbninp,testbxcgroepduzfieikntdn@myemail.com
testvrphbcgxqjohzprzwaqd,testwbjpilgusuuriaurnjob@myemail.com
testdryslzerfjgfmuazzmba,testhgdxweszcvljhrziqobo@myemail.com
testjzgzibiwfprwmiqgnevh,testbqanhixzapmyhrjdlhni@myemail.com
testjeexuohbbtpxhnfvqmlw,testirdsnrawofcbcpufcczc@myemail.com
testzhmvapirbbipvstcmdyi,testuuczjnenglhigvshoiur@myemail.com
testmpujtnzkxfllqrycycie,testhhwmglidyougajtgylgo@myemail.com
testdxllvmkgwvxviuipfqvr,testlgsyjbbbgutygaahbfpn@myemail.com
testlucxfdwoyjqwbypvelxi,testhwiagyqoothmijoxbmuv@myemail.com
testfjaeaulawtwijcpmrouc,testtehcvvsmwxtaszdmxkjv@myemail.com
testozlehxavihwfkmcaxlvp,testztlqpbfnszzcuoragwrp@myemail.com
testoscixavbvsdihdtmevtn,testsjornwqsznsparthfgbx@myemail.com
testxqjntusxxkjzeqcendgm,testmyvfjgynqdhidsejwabe@myemail.com
testqxcowrbiglnegvcwmegj,testvbspsbnslbtbnnnzgbco@myemail.com
testufdtbxcmjpfoczknyxwg,testrearzucaakaqrfunykyn@myemail.com
testtnjkyvrccsrthikboqgy,testrfvctgwovxlbjtjigtak@myemail.com
testgfvkkrxgmlaugzyxalrb,testtpfhgebmgdirnxybpmzb@myemail.com
testysmrcyhhmjpjvgbdawzm,testqcwtganvrqnlerkhnmms@myemail.com
testxdczqvpqvllyjndmhryh,testpumtzaweoqgqypydoqgo@myemail.com
testtnpwqyjtugvsktobpsdr,testtyerzvfdbkerikgamfdb@myemail.com
testblxlwpgnfpdqehjmqkzr,testokuuxmxtowadsanxtzge@myemail.com
testgzidngigumtvjkoofjxf,testxhcuxrtbyohqzewyuwug@myemail.com
testtmcfzvustaikbysrdlxm,testegpvxpniacagugzozljx@myemail.com
testattasrolupxuegnjvyho,testlksbekqppqqysvqtszae@myemail.com
testladvtpiakublfqxnwsnz,testsavmriagjiwajapxxoef@myemail.com
testhiaucwpypszfdmfkjiok,testibjjnvmxjjpeulouetxv@myemail.com
testlbvkfpynwhilrpqeoxtg,testfaflmigsyiybvlvwsbgg@myemail.com
testwgltmegxjtxyionkwzae,testtmoicgnhuahekiqxzpdg@myemail.com
testhdywxsqdfyqkufmyecde,testriatfjkbzotnoytyxvzo@myemail.com
testmegenejeueedvpgteege,testhggqrplgdanlaibfrgop@myemail.com
testuxmlbagpjgtqybeqkbgd,testjmakpjhfohmqvgbjlpnl@myemail.com
testfxszilgtzfwxgrbcaucw,testqixaporvxwufgekrvvnu@myemail.com
testwxpykhhrnsqjkrdtwbqr,testfpmawehvmofgwemcztgv@myemail.com
testgwhvsqeieunhyxnyruts,testkyrqzrxjdwfrvbxsdnjv@myemail.com
testsikofdbxewxkwuletuec,testiwvjqolcrolpuvxkxrwj@myemail.com
testkkovmpkvlrlwjjbxfxug,testjhqxboluntdetoecohuc@myemail.com
testgpjjbmbfqfpfnxczeyvd,testkuuzyoqicpnugzzytfcg@myemail.com
testqwzqfbvxfluttliahcnx,testjeoewalozlmevvdlfyrc@myemail.com
testrvwudtewguepgignkhlo,testtelzvdomgpbjdsfgyluj@myemail.com
teststjqobmsoschdhdtmwnq,testtkxpxpmaifufolcldlrf@myemail.com
testdfuhkkxfornoybedmmri,testikcwcgdtmkgwivrbdmsa@myemail.com
testlbodglenmnnjwblfbwoc,testbpkynjlvdsjojywnrkgc@myemail.com
testksafonpuzlfjchwbjtno,testervetavlcafkrxhlkbin@myemail.com
testhqzhxygsvdvfdepanpyc,testhosxnlfpukxydqflimwu@myemail.com
testnxllecmpjrmxytwfewzu,testhuwnupuenhvrcqdjcvxd@myemail.com
testaokjouaexasnrouvnzzp,testkmxjuvjmzcnegckbbihm@myemail.com
testlgugvmzlqhjqeqpxmiye,testrssetmzrakkkxnycvbyq@myemail.com
testlftxzhjytmttasubccwh,testxzjeqsgwbsxgyvcrrckv@myemail.com
testzbxtacscuqiteqtaumrw,testdaknfwxhfiugyjkngvvz@myemail.com
testdzyopxqpevoomlbynhbr,testlvwcwphjclenxuurcqmd@myemail.com
testkqrxovfbqmjbrrnhkdjb,testxoukfxscqrgqrmktrmvk@myemail.com
testrrpjmskxjlirmwzyyowh,testubmctottgwcqhqjqgiuc@myemail.com
testqmnetphdgbgztjrdfhpu,testlyehykogyfjsrerytouw@myemail.com
testllsklbgouqbefjpxbdfp,testggmmwsfdmsuvfbgfnesu@myemail.com
testygesdfflptcgqzezxrar,testqvdkaijzagfatlatjnzk@myemail.com
testjqlitbpgonrgntnjxjsx,testfztchddumdzrdgmaacsu@myemail.com
testajfbrdnjtoxcodrltmub,testppqmnxwgpdfgkrzvirct@myemail.com
testgoaduxneocdfzhrqktgi,testiemkhbaxfozoihhmyrjn@myemail.com
testftglvsnqzsnxtfiabtnx,testjiwmpmqlpymsueitprdz@myemail.com
testxpdutbeukndrykaooucg,testqygyvpjjmwlcirdklodf@myemail.com
testvfkasckkycekzkrnudgg,testkadjulsukotbyxpyrbfi@myemail.com
testtscoxizbkaadudzrbyht,testehvvtanjpfqfxaynshws@myemail.com
testffktlbroypuxoamalhsl,testholuplackcoxnplbzzir@myemail.com
testrrsqreaiphssbpzfwmws,testxpynerwejndngsbaipza@myemail.com
testsuqasnyuilxxndhimnsf,testuhvdcqjafffdujentjgl@myemail.com
testcnogbjouvdmsjocasiuq,testorujsvrbxwwvzoiqlbfg@myemail.com
testydpkprhzrvvxzyboybce,testivlujfbyvjvfpztzcrro@myemail.com
testrpamupnrxsakdtcfakhh,testubmmfaskmdcxibigdamc@myemail.com
testbdsbbvqukvlmdrzplprh,testivjunjjcfhqaeguekgyp@myemail.com
testmwogslhfthdpowzgeihl,testhwxyafkzgrpwuwtladsb@myemail.com
testtyhuubvonpeqibdxmeom,testcrowfeebywulexpbbkss@myemail.com
testjtygendfkwjqodulhiwn,testqeeznewjnvcvnosksgeh@myemail.com
testcehddofeknklhibdfivu,testuyehwrafkyjwomcwymjl@myemail.com
testnfednyqyuuuucqilraou,testosefqvvtkfrcqsrgzidr@myemail.com
testnnxonaynyxhcenhijzgr,testcpubjviahpovnrecqwll@myemail.com
testcvaiqsyinoajpvlfvnkk,testfimvzqilzpgebszzyqim@myemail.com
testpxxxhztjiimvdjyrzvte,testkqdohnftblndxtnsemrn@myemail.com
testglkbyoyeyacttqlskkyy,testfyxkhxlqikfizwmgzvjx@myemail.com
testxgdxpwqblsmbqjhhrsuq,testpnhiukxyhyixxbhusxwl@myemail.com
testaqqyrwnreygxiznbwbjv,testtlfpzzrscyghawzieapf@myemail.com
testuociyqwvtqfpvsyyqutq,testzmqoquozzasgbmdawyvu@myemail.com
testyedqyeafexbkalsbuidj,testgnafltkmxurdzlychfse@myemail.com
testukbaibmyffryyzppetoh,testaazbkhryxcohsfecacnt@myemail.com
testcynabnvpjmrezwyzoaab,testgquchgohvucfguzmmuom@myemail.com
testlwngjmgbffzljvzfpmxb,testrxtvikrxlevfrinamyvo@myemail.com
testcmgehugdwizrxqvyclmn,testiavdqnhofkrzdhovqwcj@myemail.com
testknumunpaduipbmoyzoyt,testisaazxpgmepqvvckfmqu@myemail.com
testejstjkmmhkfluzjxuoow,testedamxpnrcwwwsnelfcxg@myemail.com
testsqqntudnxxftnqzcdrct,testwtehuedpyidzcgmdesfk@myemail.com
testauhxaizwmoeskuokomds,testxgqphwggpelaytnynney@myemail.com
testiyhzjhoajjbosnaajonn,testluhyalemksvudzdvqrcf@myemail.com
testwkzhulbpbtiftwmsupkj,testngwnpyoptcodnubvgzxe@myemail.com
testfohjmovgqmqvqudnfkvv,testahemnvifjvqumgwixgjk@myemail.com
testitqznmtycnvqtuwouxvm,testclaqzhkhopldyxivwpvd@myemail.com
testmyvudtdjobyatgdtoyjl,testyciwylosmdgmxqxvyupj@myemail.com
testriktoiafnmqahpptdozm,testyagfpiyoqlelljhbctul@myemail.com
testveywlkuxwyaekytaorme,testuktryncojknpopnknapm@myemail.com
testfokrkvorrwdpszwswelq,testecajmtvcnfftrhmirifm@myemail.com
testtjxpcwtuzgddkzkyinxq,testmyhoiibywfccawbpodbu@myemail.com
testqrufedtubomaehyaqaci,testhqkjdmwghxalduchjckj@myemail.com
testhduynakwkmnnjalakmko,testwnlliuwdaysofipunyxw@myemail.com
testiuugcdxohazbqbmtylyh,testebapfkxefckbbdmqvmto@myemail.com
testzehwhfiitynunpfqzyft,testayaqhdkxxaaxeigdtrbn@myemail.com
testwboiaziwrhmqkasvbajc,testvqjwomyihsnknxblznvm@myemail.com
testzuyjhnjzouabngdvbwwj,testigqicbmancrpxlipibbd@myemail.com
testuxcluwjjpyegpoxdnevt,testmiaugcnucatocwjlbdyv@myemail.com
testlovngbhzlmejtyllbthh,testdxxjoyngsckcdpdoizfe@myemail.com
testprmxkdshaadpgvazvmdg,testshxlswpghbpenwprunhq@myemail.com
testfcursdjqrhuneiuatevl,testwzmgeobhwsgorqjwsfxs@myemail.com
testbwcbymhgumrfozuglavf,testizcxyaoplqblyfglnfnf@myemail.com
testkkhpyzboanjmxcicqlvh,testspzyzuyzcmlnpcnifodw@myemail.com
testmmcjhcgtvcddrpizmsrz,testiqstfpyiooranweijsoc@myemail.com
testchytwvoegnsihghgzbyd,testchphmemztkanacbibmpk@myemail.com
testcuquoggyihvfpsacopdh,testvptngiavrmudmqjljteb@myemail.com
testagqioscczirtxasahdcj,testpgonknadhtlcrkcpzgku@myemail.com
testdyfxhsmegzvatjyhnqac,testzncozaotgdpwfhuezxft@myemail.com
testnltcowaqtdffmsfgxoay,testoehiajxxomsdvdapvirh@myemail.com
testyeqvqlhvdihrzggfxyhv,testhcgpjkqlzgvypjusmvjb@myemail.com
testqirkygzakttrmhvwelbz,testdkziadnqbffkkhwjcfcw@myemail.com
testgkkgudatoylnngzqwrhd,testevbzevrxtezzfseguowl@myemail.com
testztiqykaliuxvcyqksmbv,testxewxkemubvwdunlkspyw@myemail.com
testmjkgcghngirwbstwffkg,testeofbmqzcnyhzgslmyixu@myemail.com
testeuyqqbbqyjjpjdbvwasj,testmwttjtlhzerzsfkubyao@myemail.com
testhkvybwhtoyhmsjqtbvmx,testwzmlyitanihvcxcitjwy@myemail.com
testgdayjcycobxxbdlvruez,testhudbhyeoiyzyfrdgffuw@myemail.com
testztmpjxxjgzhbcgyyjpri,testejmpyebzqqbkqhmiagiy@myemail.com
testhmhicuxzmtzziasbqqjl,testartrohrxgpfeehnoxnie@myemail.com
testydokwitoxghkmtuvxclg,testnsieilxhxrizmocmdxnu@myemail.com
testrrbdkcyyobecnvxlqjzn,testcwjvfbrtkhvohduntejp@myemail.com
testcjkrvlotgzfoauzpxwrg,testrstyjfqhwwembalgidiz@myemail.com
testzuigpocldmkvtnfzssts,testdbnpnjvlpfdyunfdlfyn@myemail.com
testwlxcljxihsaommympchi,testylpiuaolssydbuujvqja@myemail.com
testhvpupuhaypqdhuvzbnwt,testgvbptjcbeouumjupoosj@myemail.com
testruyintvbxwvbixqgvvin,testnerzdmmptlotuzhxvyrr@myemail.com
testtfydretuhadptnrigkga,testasfvmgavmafccrevggeq@myemail.com
testqucegpyizkjkgcabajcj,testzdwahxooylynlyaqpecp@myemail.com
testytcxeehhilpltfuflwwa,testpaqmfytancrkpvfjxife@myemail.com
testswqhalfxeaviumnuquex,testpsuytlpwbhsdrjzbsuol@myemail.com
testlenbvfxahruxiskgjttr,testdnrxrjllicuylxypqgvv@myemail.com
testtwvruuffguubbxfjvvtn,testayjqkmgujxrfasbdxwsz@myemail.com
testadftdylpqcvckvxkxcfo,testehucczwkpcveszwfpkhy@myemail.com
testhxpxbqhhxtvkmcdolsrl,testkleycaytiqmadsccgiqw@myemail.com
testrrmfrqzxihxzaoqzimyh,testrzsmsxuvwkkfkvvhrndw@myemail.com
testmrdkhcqreyynpdfoxbdd,testnjvxfntnwdxtyzfzxgfk@myemail.com
testnszhxzasorbjsnudtmgq,testwyicdvrykvtpgbrosauw@myemail.com
testxlhlderngxczkfpszfuk,testshiyqqjeafkrtbzfcthx@myemail.com
testzchtmlnhdmiitlknsgzl,testjhrwvlufxotkxkfodjia@myemail.com
testlkirjsdtiuoafadheigq,testnspgrhhjxelulwkznzwv@myemail.com
testusqaabruvhoeanaidkea,testssvnydwfoypeqifxvvcb@myemail.com
testpmpohggsbrcxootlxujj,testeultiksvtmnosghvslzu@myemail.com
testsfnbqqerstwqlllagqds,testhtelyyovegqbnmwlsxee@myemail.com
testbpjylgaclnqpktpvyfpb,testlgxruvkzihnmiipsajij@myemail.com
testnktivpwgedtifzcvqpan,testkplaprneqyygqsycyjbo@myemail.com
testrhcagqsokkkoakgdklqf,testlfkaqcfewogbjwtsmilw@myemail.com
testrrohfnxrziicnoizfdce,testqxyyhuxtcpnrqixvyxvm@myemail.com
testehyvpsgribgtvzhpfgcl,testpflrtogrcpamzkpmtwwz@myemail.com
testmbuwhxhwsadpyegozrts,testrgdngjfpwjajimjdrcpk@myemail.com
testumpjnlhrikbqlsvynnnu,testxrkkqubspitztqnfdzak@myemail.com
testsbrrbhvvulqsjdezpzjc,testendnepeclhldljslzong@myemail.com
testhykktnehihxreykmvpuo,testmtnfskqwskkutatuuynm@myemail.com
testglmwwejbyoxpuofeqzhs,testnomhahbqlpyjscssgzpj@myemail.com
testegxbniumkhwttqfojmko,testdxdltqaamdygayxbxbwo@myemail.com
testqanagxucfzxggxeafuvv,testgjqtdtogdibmdyvtzuwb@myemail.com
testxqjpfaepblyjkhhbugbn,testuyfnterqvzeugkktvbqg@myemail.com
testexslfkkdncldlmxjuohf,testhnkwdcytvmbcdqbsxbdv@myemail.com
testsgwofubdzonvwpfxfbxf,testldbgyochwppmmkurwkft@myemail.com
testljnfsngyejmfyipzourz,testqnezvetsenfndnzqzkdn@myemail.com
testnjzdvetdymbkcsvjfucp,testllghjkwiuvwuqezkhhsc@myemail.com
testqugrpjnmtssrbrufusow,testhzehjguijttwldbeckju@myemail.com
testhhrsdxfiadiafqsfmzfk,testqpctbuxwltxwrhyvgluk@myemail.com
testzjyvjsohyrtkpzcywpvj,testuhrqopvqtkjmcyxkkfla@myemail.com
testkifylodvxsmafashicbo,testddhttmcivsgppkkpjotr@myemail.com
testpfnrzsmqtfjlihmydxyc,testsrxelxprxtsnrljhnwwv@myemail.com
testppuwukzwowbnkqjkqtlr,testspxkpctjgpvamjpgekhh@myemail.com
testhntadoaqhwekawnbvqlg,testbpmkvcpdjrpklyihwsww@myemail.com
testnlkjxllzzfkdmhsuzmfb,testicjbqksqxxtlcppyqvac@myemail.com
testrqqqcexdfsnthottmslg,testxkpjhmcmxpfpmzvnivvi@myemail.com
testqazairmtotakxfuqbutm,testsexrwtsrlanazhrpuixz@myemail.com
testmddtqogrcwpzyjublhpy,testdmwkepwonywsgvfggncf@myemail.com
testrwtbssjdmptnebykohog,testbnihrnschngcibjxyypb@myemail.com
testvcxgrkdodyfnjmtjomtp,testavtubpikafentfonposh@myemail.com
testecfiaabwrzxixabhoeos,testjqzicgzgewxbdxtpjnov@myemail.com
testyhsafgyvffqewrdlsqgm,testqhxsxtforxkzlruzeifk@myemail.com
testazjcyppnvidlxlokllpj,testnmnsmbefvkuularaeqir@myemail.com
testamcyliyrjyvjoysmpdda,testfmpprjndtxgkjecqufhu@myemail.com
testnsyhlowiuaissywpmjah,testemtefhncjhvnemdscudq@myemail.com
testxtkzntogbkamnchfsftd,testjmmalgeknzxbodaimwjc@myemail.com
testxwzbgmgykpppnavnxvwh,testcsjowjwupltojxzwvgzp@myemail.com
testsetxmhftvagzblzxbcmy,testjtsimeepcrrqtzbrbjdu@myemail.com
testtxjyhjzknhtesgnwynzw,testxkvzqatdkoixazskdnnb@myemail.com
testwlwfjjcjzhxuuwwsjtjs,testsfkgrubcknglqndcsgnp@myemail.com
testunwplgxemazrkdnpmgtt,testnihsiuujgahsfahggrjk@myemail.com
testefpkkdxgfelnflknowqw,testwvupkvjbnwnqbwmupuuf@myemail.com
testuayrfvsfxtqzndsrfwqr,testrxvqatswjtpoizopxxep@myemail.com
testvyoznzxmulwgkavabhma,testtfaoemxgneqtzrhsmidw@myemail.com
testmqtelbxjbwcykagjamal,testkemnhwaivcwafsxtpmny@myemail.com
testhvlghfggpeuehxllxeis,testgxerhgtqizojtzryjaqs@myemail.com
testpzqragywqteupxdzqizs,testaaeanirwvuknkahzyafg@myemail.com
testwsrxkitlecbwfzxfnlhy,testwjytrwxgfywjksfphavc@myemail.com
testusenhmqwzpwaiayqpiem,testbtdvaqvcpvsnbmvbldrh@myemail.com
testtxtiijxgldregawxmurr,testdptnacshamdpcifwvlhz@myemail.com
testprwrllwhjwniedqsukdm,testrxqucbekwliuznpwmjfy@myemail.com
testljtpiqgtnvlymuqimcmv,testwsoecimkjollskxwqdmy@myemail.com
testudltcgezetiazzhequqn,testohborcxwpauihnxyenzi@myemail.com
testolkkjoqppbboyocxuihp,testhjiygppngjbizbqfdlvx@myemail.com
testuzbaluuugfwoqdsihsum,testlfsfdxarnaswmyzlcqva@myemail.com
testplsaxmdiotvqvgybdfra,testohcxqgnltscqaljgfebf@myemail.com
testueymwxhlpycczgcqeyck,testkdpmlxkquozyrotybdgj@myemail.com
testdmjtijkmxpfdwowzseez,testsajxtukfiowxyspgpfnp@myemail.com
testhryzzwpgyrcuyfbokfxi,testrsogvguxzaeeikhvwybc@myemail.com
testevyikxkxzfrlqzxouuaq,testuygjukuuqxhnmdcapwqf@myemail.com
testldacgfxapzhguexjudgq,testeeytiihwkqvizebpatwj@myemail.com
testujrtlstasvxgkztspuwj,testppgormiqirterkegrhgw@myemail.com
testtnspxmvfjlubffodganz,testjlhedvxpiiltccjlwmqs@myemail.com
testfsmxogtkgkjusyzgfoen,testnxbqywkugirxwvfyzizj@myemail.com
testqsutknakceyzpqtgxibk,testsdyhtuyjyexkbmceivxz@myemail.com
testgmlbsflbunsyxiyjchav,testoeryzqavoxsqxjbbogzx@myemail.com
testnztvfqlbucyxkoyjaknq,testzttfvxrvrmasqmszknfb@myemail.com
testcaizmxehgcmyuxfnunyb,testugjllsplfgyfaqpfnwps@myemail.com
testlccdnkzauizuyxlpcguu,testiczpxgdctioafvrdgbsz@myemail.com
testgvpcsnbspisksdnixvqa,testecsgjizfhhhdffepctbz@myemail.com
testzgxnyaebtceytvsuwdtf,testnmdnmcbuhqbfgqqpwgbx@myemail.com
testgbnwludoryvljpogvpwb,testvhnymaasunviggjsqxxv@myemail.com
testhpbzbhfptsnpnxoreksh,testoeoyakinjfrtryruipqn@myemail.com
testasxwluwdeoocomqmhfft,testkvbrmtzyahderywgfddo@myemail.com
testurgnudrxzrbsglsfkqbm,testihbuogixngsksnekrmkb@myemail.com
testjhigfxnxanwiodlfaoiy,testwjnpfvlclvlcsmvvklgy@myemail.com
testmcgivpjhfhifqrhzuvfu,testwvvmnwtatfejpxtnjbcs@myemail.com
testujqwrlfwmbneqhvhhmnn,testkkbnvjrvbjbgfjqweogv@myemail.com
testfgpwrfiojlbjbemvlbaq,testwamabunpdamccomcuxnf@myemail.com
testqywiqkqmibbwbiadqkcd,testocwfpnbfnppvanacwzfi@myemail.com
testakvsnjdnaextocwsjety,testxafajovajyjfztjddhqt@myemail.com
testisdgtkzjyvwmbixhagpb,testcvdcrmmkatifzuufwynq@myemail.com
testuohybhkvmsidwzrjpsyh,testejwejscxxarktumqslgh@myemail.com
testauunutwxybqapusnmbre,testbaddttzrhbviydzzitcb@myemail.com
testwpguwqzanpbadprdcozy,testupoushexkhoiwqdmqcxc@myemail.com
testefxttlqbjgliasmaunkb,testjoefymebmzkakamvocfj@myemail.com
testqvdmlnvdqscnjkhgpsgo,testkgpgrrrpodknzoyjrdse@myemail.com
testsraatgeyfnonllknfubk,testbapwopfkcmhottrwowfp@myemail.com
testwvomnfeentgshkpdoneg,testyyyflxsdlwsfjrffzvxc@myemail.com
testngmocevsjxxqnxlqkjmd,testcezhinufgxbnodlvvero@myemail.com
testmonygxjokrbmxojtvtyg,testkmedekjxixgbrmpvifru@myemail.com
testspfztebaedegwomkljpy,testdkinaybpklnkxrwmxbtc@myemail.com
testztbovqbvhmawcvlxqvyw,testfbsksoxkdaoinifkxmih@myemail.com
testciwsqlrnmnlozaxmoeeu,testjudliqzrpbefveagpkve@myemail.com
testvkmmcxwtepxgzlijqwrb,testkjjngccojtnywsmnqmzy@myemail.com
testgdovhkzlwoeflsqhwggq,testenmlsuoyrgqunfgbtckx@myemail.com
testtahjfwsjljcthjpkwtgt,testdgprebqjafbxdmnqyqnw@myemail.com
testfcyakpxlmjtoxkubamjc,testkhzrncseqvxbqinplbgu@myemail.com
testeyoddlaapnbwkrfczpnh,testsvmczthyzvofmnteyurw@myemail.com
testffxumuuoprrvjdzufyqo,testevdgmqkvfnyguzmocdgl@myemail.com
testxvtldjgwdpevhhdlvmwp,testxijedwmsiuxlshsvgpuj@myemail.com
testkmeiyoetrvhxqutmctjf,testyrfnvjtsqzdbswlglvuq@myemail.com
testprjpvsemvzqyazdmzcah,testswyqkezebsswsnsovrzy@myemail.com
testvxruocbxpggtvgrcileo,testpodholzngirshgsgztet@myemail.com
testzfxrxgxdsivynwosceuk,testdpaqomkhiknzrzuqckdh@myemail.com
testvaumeebgcgmqjnaeqswm,testhqejbznrehffufacdvbo@myemail.com
testahhukdxhtyjmngnkzwpi,testuvszmlmyjgvyhuodepkx@myemail.com
testuqihteelavobumxiidlu,testrfgqztnkvkomqpptjbfi@myemail.com
testhjicgtiqgarpnixbzitk,testlnnkqcsodgjnptmyjmkp@myemail.com
testosgnyaixnnzgeqxmataa,testfhtvxgrpbqvecaldoeys@myemail.com
testlrvhgegjycjrhjyzawqi,testxtxsxtfmckeqkajsdkyc@myemail.com
testaboqzszsfctiimrmeqne,testitphkiwlktrdcivqpuzs@myemail.com
testscutczvomyvvpybclzcf,testophovebutswujkuozhaw@myemail.com
testhuxzulejiveyncgskyjv,testjlzzzraqcczrfzhvfldu@myemail.com
testfufmlubilydcvjmhdiso,testpdjkmzcorceknokmlkbl@myemail.com
testxurcovvpreltlnopccyy,testmwwpdbtlicujwgghnzhk@myemail.com
testzvqekcmvxtlkalnbsbzy,testdddhwmvnqrefpxmswjyo@myemail.com
testejhyeneqhanpfwjxmasy,testtendfdanypvvkrlrfgvr@myemail.com
testhluuswzgpygqtrmfdrfe,testaxnlszqcvegtjsuvqfzv@myemail.com
testnwumawxaaxrhshdbixvc,testangyugybqzgatqcybrsg@myemail.com
testukfyirekuyubwvixgotr,testuoktzemnbiruwysjsity@myemail.com
testpxmjazwevupeyenesujp,testitpbtbqwntnwqnspyogi@myemail.com
testiyvcbxobktkzntwlgmks,testqcrbmxhuqcslaqxizpay@myemail.com
testfodkapubncktgjpsrinf,testpvrrgohghpnpdidugxrb@myemail.com
testfmywppwjldmsalpacpsa,testwckicgiigyefjtsaffwt@myemail.com
testuwtizrpigjthpxjscgjw,testhvnjergocksvsxbsndgr@myemail.com
testnpuinnzqxkqdxoheqlzi,testeahfdsjtfkeroigtjbmv@myemail.com
testohwbeadgfoyblfwfgfpv,testpsmwppynphonuciitmrv@myemail.com
testvdmegmmwiodyaspypvqs,testzytwlbgzcmmenrehwmkc@myemail.com
testywomxfyiiqhkbrxjhpny,testesofexcnrirpjdpnthyr@myemail.com
testpgktuwvsohyogxlhdbta,testufjyeybhlzlvyuduvpfa@myemail.com
testlutujuveesaipzdkpnoe,testixoxsgwxabufmfupwvpp@myemail.com
testvogyqagermshwnqosjvd,testtzmllgxavuyviasnpjww@myemail.com
testmibgalfgxuabqlenmfub,testuupakiplhnxadjsnyhow@myemail.com
testllqaaulrbopdbalikhjc,testomttwfhltfovaclwzghy@myemail.com
testicgpbwixqsksvujpmuxz,testqcxrlahtwlrfpsknbnfc@myemail.com
testxhtbcqfnpzvmqjayevns,testgbmadqhgraqnlgnqtgid@myemail.com
testfyvjkedmrxhfgzdlowhx,testhqwefssqxyiybbgwhyzj@myemail.com
testkmgdzdklybzhzjfmnmkx,testhjxenmshwdqpdltsaibc@myemail.com
testsqindpajbhuavvubgvhj,testbwzapiqrryabjjyrdqgq@myemail.com
